{
    "name": "wake_word",
    "roles": [
        "wake_word"
    ],
    "lookups": [
        "free-text",
        "keywords"
    ],
    "keywords": [
        {
            "keyword": "Sam",
            "synonyms": [
                "sam"
            ]
        },
        {
            "keyword": "Tether",
            "synonyms": [
                "teather",
                "teder",
                "tether",
                "tever"
            ]
        },
        {
            "keyword": "wallflow",
            "synonyms": [
                "walkflow",
                "wallflow",
                "warf",
                "warflow"
            ]
        }
    ]
}
